<?xml version='1.0' encoding='UTF-8'?>
<!DOCTYPE hibernate-configuration PUBLIC
	'-//Hibernate/Hibernate Configuration DTD 3.0//EN'
	'http://www.hibernate.org/dtd/hibernate-configuration-3.0.dtd'>

<hibernate-configuration>

	<session-factory>
	<!--
		<mapping package='com.books' />

		<mapping class='com.books.Book' />

		<mapping resource='someresource.hbm.xml'/>
	-->
	<!-- <mapping package="s039"/>
	<mapping class="s039.T039tfin"/>
	<mapping class="s039.T039hfix"/>
	<mapping class="s039.T039hfixPK"/>
	<mapping class="s039.T039atoc"/>
	<mapping class="s039.T039atocPK"/> -->
	</session-factory>

</hibernate-configuration>
